Image Index,Finding Labels,Follow-up #,Patient ID,Patient Age,Patient Gender,View Position,OriginalImage[Width,Height],OriginalImagePixelSpacing[x,y],Class
00005038_000.png,Cardiomegaly,0,5038,12,F,PA,2192,2194,0.14300000000000002,0.14300000000000002,0
00010967_001.png,Pneumothorax,1,10967,69,M,PA,2802,2991,0.14300000000000002,0.14300000000000002,1
00006624_003.png,Cardiomegaly,3,6624,56,F,PA,2442,2991,0.14300000000000002,0.14300000000000002,0
00005365_008.png,Pneumothorax,8,5365,13,F,AP,2500,2048,0.171,0.171,1
00013062_003.png,Cardiomegaly,3,13062,60,F,PA,2992,2991,0.14300000000000002,0.14300000000000002,0
00028987_014.png,Pneumothorax,14,28987,25,F,AP,3056,2544,0.139,0.139,1
00004094_005.png,Pneumothorax,5,4094,22,M,PA,2500,2048,0.171,0.171,1
00027838_019.png,Pneumothorax,19,27838,49,F,PA,2021,2021,0.19431099999999998,0.19431099999999998,1
00021958_000.png,Cardiomegaly,0,21958,44,F,PA,2738,2991,0.14300000000000002,0.14300000000000002,0
00002316_010.png,Pneumothorax,10,2316,67,F,PA,2992,2991,0.14300000000000002,0.14300000000000002,1
00018224_015.png,Pneumothorax,15,18224,59,M,AP,2500,2048,0.168,0.168,1
00004606_000.png,Cardiomegaly,0,4606,67,F,PA,2048,2500,0.171,0.171,0
00000045_000.png,Cardiomegaly,0,45,70,F,PA,2500,2048,0.168,0.168,0
00011460_015.png,Pneumothorax,15,11460,16,M,PA,2992,2991,0.14300000000000002,0.14300000000000002,1
00016568_045.png,Pneumothorax,45,16568,39,F,AP,3056,2544,0.139,0.139,1
00016175_011.png,Cardiomegaly,11,16175,11,M,AP,2048,2500,0.168,0.168,0
00018610_012.png,Pneumothorax,12,18610,64,M,AP,2500,2048,0.168,0.168,1
00009349_017.png,Pneumothorax,17,9349,70,M,AP,2500,2048,0.168,0.168,1
00011837_016.png,Pneumothorax,16,11837,44,M,AP,2500,2048,0.168,0.168,1
00018837_000.png,Cardiomegaly,0,18837,24,M,PA,2992,2991,0.14300000000000002,0.14300000000000002,0
00007590_006.png,Pneumothorax,6,7590,28,F,PA,2686,2991,0.14300000000000002,0.14300000000000002,1
00016932_004.png,Pneumothorax,4,16932,24,M,PA,2992,2991,0.14300000000000002,0.14300000000000002,1
00006506_002.png,Pneumothorax,2,6506,57,F,PA,2422,2681,0.14300000000000002,0.14300000000000002,1
00027213_057.png,Pneumothorax,57,27213,73,F,AP,3056,2544,0.139,0.139,1
00021012_006.png,Pneumothorax,6,21012,50,F,PA,2858,2397,0.14300000000000002,0.14300000000000002,1
00012707_000.png,Cardiomegaly,0,12707,59,F,PA,2048,2500,0.168,0.168,0
00007355_003.png,Pneumothorax,3,7355,61,F,PA,2021,2021,0.19431099999999998,0.19431099999999998,1
00014306_001.png,Pneumothorax,1,14306,51,M,AP,3056,2544,0.139,0.139,1
00010767_018.png,Pneumothorax,18,10767,58,M,AP,2500,2048,0.168,0.168,1
00006912_005.png,Pneumothorax,5,6912,24,M,AP,2500,2048,0.171,0.171,1
00022707_013.png,Pneumothorax,13,22707,46,F,PA,2322,2991,0.14300000000000002,0.14300000000000002,1
00003817_000.png,Cardiomegaly,0,3817,70,F,PA,2048,2500,0.171,0.171,0
00026546_018.png,Pneumothorax,18,26546,32,F,PA,2992,2991,0.14300000000000002,0.14300000000000002,1
00029688_004.png,Pneumothorax,4,29688,62,F,PA,2544,3056,0.139,0.139,1
00009606_005.png,Pneumothorax,5,9606,47,M,PA,3056,2544,0.139,0.139,1
00016802_000.png,Cardiomegaly,0,16802,48,F,PA,2666,2991,0.14300000000000002,0.14300000000000002,0
00026222_009.png,Pneumothorax,9,26222,52,M,PA,2992,2991,0.14300000000000002,0.14300000000000002,1
00005066_008.png,Cardiomegaly,8,5066,49,M,AP,2500,2048,0.171,0.171,0
00000013_012.png,Pneumothorax,12,13,60,M,AP,3056,2544,0.139,0.139,1
00005201_007.png,Pneumothorax,7,5201,47,M,AP,2500,2048,0.171,0.171,1
00000200_001.png,Cardiomegaly,1,200,77,M,PA,2992,2991,0.14300000000000002,0.14300000000000002,0
00017747_008.png,Pneumothorax,8,17747,33,M,PA,2992,2991,0.14300000000000002,0.14300000000000002,1
00008566_018.png,Pneumothorax,18,8566,34,F,PA,2500,2048,0.168,0.168,1
00014637_009.png,Cardiomegaly,9,14637,61,M,AP,2500,2048,0.168,0.168,0
00019124_032.png,Pneumothorax,32,19124,52,F,PA,2544,3056,0.139,0.139,1
00003574_012.png,Pneumothorax,12,3574,55,F,PA,2992,2991,0.14300000000000002,0.14300000000000002,1
00011925_002.png,Cardiomegaly,2,11925,54,M,AP,2500,2048,0.168,0.168,0
00007670_035.png,Pneumothorax,35,7670,46,F,AP,2048,2500,0.168,0.168,1
00002492_002.png,Pneumothorax,2,2492,49,F,PA,2992,2991,0.14300000000000002,0.14300000000000002,1
00010304_004.png,Pneumothorax,4,10304,14,F,PA,2470,2991,0.14300000000000002,0.14300000000000002,1
00015770_010.png,Cardiomegaly,10,15770,66,F,AP,2500,2048,0.168,0.168,0
00023325_032.png,Cardiomegaly,32,23325,83,F,AP,2500,2048,0.168,0.168,0
00018366_017.png,Pneumothorax,17,18366,64,F,PA,2758,2991,0.14300000000000002,0.14300000000000002,1
00002786_001.png,Pneumothorax,1,2786,48,F,PA,2048,2500,0.171,0.171,1
00006166_000.png,Cardiomegaly,0,6166,27,M,PA,2500,2048,0.171,0.171,0
00011764_004.png,Cardiomegaly,4,11764,58,M,PA,2758,2991,0.14300000000000002,0.14300000000000002,0
00029903_009.png,Pneumothorax,9,29903,26,M,PA,2021,2021,0.19431099999999998,0.19431099999999998,1
00013062_001.png,Cardiomegaly,1,13062,60,F,PA,2992,2991,0.14300000000000002,0.14300000000000002,0
00020499_010.png,Pneumothorax,10,20499,24,M,AP,3056,2544,0.139,0.139,1
00029950_018.png,Pneumothorax,18,29950,36,F,PA,1779,2021,0.19431099999999998,0.19431099999999998,1
00004876_004.png,Pneumothorax,4,4876,42,F,PA,2048,2500,0.168,0.168,1
00001286_005.png,Pneumothorax,5,1286,27,M,AP,2500,2048,0.168,0.168,1
00011507_002.png,Cardiomegaly,2,11507,46,F,PA,2992,2991,0.14300000000000002,0.14300000000000002,0
00013209_009.png,Pneumothorax,9,13209,74,F,PA,2992,2991,0.14300000000000002,0.14300000000000002,1
00023297_006.png,Pneumothorax,6,23297,35,F,PA,2716,2457,0.14300000000000002,0.14300000000000002,1
00001170_028.png,Pneumothorax,28,1170,23,M,AP,2500,2048,0.168,0.168,1
00012687_006.png,Pneumothorax,6,12687,63,F,AP,2500,2048,0.168,0.168,1
00007676_009.png,Pneumothorax,9,7676,47,M,AP,2048,2500,0.168,0.168,1
00016650_000.png,Cardiomegaly,0,16650,58,F,PA,2306,2517,0.14300000000000002,0.14300000000000002,0
00021610_008.png,Pneumothorax,8,21610,45,M,AP,3056,2544,0.139,0.139,1
00027818_000.png,Pneumothorax,0,27818,33,F,PA,2992,2991,0.14300000000000002,0.14300000000000002,1
00014346_012.png,Pneumothorax,12,14346,24,F,PA,2021,2021,0.19431099999999998,0.19431099999999998,1
00017999_007.png,Cardiomegaly,7,17999,31,F,PA,2634,2717,0.14300000000000002,0.14300000000000002,0
00012233_007.png,Pneumothorax,7,12233,24,F,PA,2992,2991,0.14300000000000002,0.14300000000000002,1
00010936_017.png,Pneumothorax,17,10936,38,F,PA,2550,2991,0.14300000000000002,0.14300000000000002,1
00020450_023.png,Pneumothorax,23,20450,59,M,PA,3056,2544,0.139,0.139,1
00016568_012.png,Pneumothorax,12,16568,39,F,AP,2500,2048,0.168,0.168,1
00005532_031.png,Cardiomegaly,31,5532,32,F,PA,2992,2991,0.14300000000000002,0.14300000000000002,0
00012492_010.png,Pneumothorax,10,12492,38,F,AP,2500,2048,0.168,0.168,1
00018496_002.png,Pneumothorax,2,18496,70,M,PA,2992,2991,0.14300000000000002,0.14300000000000002,1
00008397_011.png,Pneumothorax,11,8397,53,M,PA,2500,2048,0.168,0.168,1
00010548_000.png,Pneumothorax,0,10548,67,F,PA,2992,2991,0.14300000000000002,0.14300000000000002,1
00008002_000.png,Cardiomegaly,0,8002,30,M,PA,2048,2500,0.168,0.168,0
00007676_016.png,Pneumothorax,16,7676,47,M,PA,2048,2500,0.168,0.168,1
00018233_009.png,Cardiomegaly,9,18233,48,F,PA,2021,2021,0.19431099999999998,0.19431099999999998,0
00029472_000.png,Cardiomegaly,0,29472,89,F,PA,2021,2021,0.19431099999999998,0.19431099999999998,0
00009845_009.png,Pneumothorax,9,9845,57,M,PA,2992,2991,0.14300000000000002,0.14300000000000002,1
00029259_011.png,Pneumothorax,11,29259,34,F,AP,3056,2544,0.139,0.139,1
00011463_001.png,Cardiomegaly,1,11463,29,F,PA,2442,2461,0.14300000000000002,0.14300000000000002,0
00021092_006.png,Pneumothorax,6,21092,47,M,PA,2992,2991,0.14300000000000002,0.14300000000000002,1
00003072_029.png,Pneumothorax,29,3072,51,M,PA,2992,2991,0.14300000000000002,0.14300000000000002,1
00019124_110.png,Pneumothorax,110,19124,51,F,PA,2992,2991,0.14300000000000002,0.14300000000000002,1
00009890_002.png,Pneumothorax,2,9890,55,M,PA,2500,2048,0.168,0.168,1
00000547_005.png,Cardiomegaly,5,547,52,F,PA,2878,2991,0.14300000000000002,0.14300000000000002,0
00025787_048.png,Pneumothorax,48,25787,28,M,AP,3056,2544,0.139,0.139,1
00011752_004.png,Pneumothorax,4,11752,35,M,AP,2500,2048,0.168,0.168,1
00013876_007.png,Cardiomegaly,7,13876,50,M,PA,2992,2991,0.14300000000000002,0.14300000000000002,0
00025161_003.png,Cardiomegaly,3,25161,75,M,AP,3056,2544,0.139,0.139,0
00029808_006.png,Cardiomegaly,6,29808,32,M,AP,3056,2544,0.139,0.139,0
00011683_043.png,Pneumothorax,43,11683,60,F,PA,2992,2991,0.14300000000000002,0.14300000000000002,1
00019706_002.png,Pneumothorax,2,19706,34,M,AP,3056,2544,0.139,0.139,1
00019373_013.png,Pneumothorax,13,19373,39,M,PA,2992,2991,0.14300000000000002,0.14300000000000002,1
00004526_016.png,Cardiomegaly,16,4526,35,F,PA,2826,2991,0.14300000000000002,0.14300000000000002,0
00016589_000.png,Cardiomegaly,0,16589,27,F,PA,2484,2206,0.14300000000000002,0.14300000000000002,0
00004809_001.png,Cardiomegaly,1,4809,37,F,PA,2048,2500,0.171,0.171,0
00021748_001.png,Pneumothorax,1,21748,20,M,AP,3056,2544,0.139,0.139,1
00006605_009.png,Pneumothorax,9,6605,24,F,AP,2500,2048,0.171,0.171,1
00020450_005.png,Pneumothorax,5,20450,59,M,PA,2850,2991,0.14300000000000002,0.14300000000000002,1
00017949_000.png,Cardiomegaly,0,17949,33,F,PA,2782,2991,0.14300000000000002,0.14300000000000002,0
00023065_029.png,Pneumothorax,29,23065,50,F,PA,2021,2021,0.19431099999999998,0.19431099999999998,1
00029246_000.png,Cardiomegaly,0,29246,51,M,PA,2021,2021,0.19431099999999998,0.19431099999999998,0
00004556_001.png,Cardiomegaly,1,4556,32,F,PA,2500,2048,0.171,0.171,0
00000865_000.png,Pneumothorax,0,865,50,M,AP,3056,2544,0.139,0.139,1
00029291_000.png,Cardiomegaly,0,29291,44,F,PA,1818,2021,0.19431099999999998,0.19431099999999998,0
00029998_013.png,Pneumothorax,13,29998,31,M,PA,2021,2021,0.19431099999999998,0.19431099999999998,1
00010697_009.png,Pneumothorax,9,10697,60,M,PA,2992,2991,0.14300000000000002,0.14300000000000002,1
00027697_004.png,Pneumothorax,4,27697,24,F,AP,3056,2544,0.139,0.139,1
00009149_002.png,Pneumothorax,2,9149,48,F,PA,2598,2665,0.14300000000000002,0.14300000000000002,1
00009916_005.png,Pneumothorax,5,9916,58,F,PA,2990,2991,0.14300000000000002,0.14300000000000002,1
00015064_002.png,Cardiomegaly,2,15064,76,M,AP,2500,2048,0.168,0.168,0
00011661_000.png,Cardiomegaly,0,11661,56,F,PA,2518,2473,0.14300000000000002,0.14300000000000002,0
00016415_000.png,Cardiomegaly,0,16415,57,F,PA,2048,2500,0.168,0.168,0
00001959_000.png,Cardiomegaly,0,1959,50,F,PA,2048,2500,0.168,0.168,0
00018366_002.png,Pneumothorax,2,18366,64,F,PA,2376,2785,0.14300000000000002,0.14300000000000002,1
00026293_003.png,Pneumothorax,3,26293,48,F,PA,2021,2021,0.19431099999999998,0.19431099999999998,1
00000069_000.png,Cardiomegaly,0,69,77,F,PA,2578,2991,0.14300000000000002,0.14300000000000002,0
00011322_002.png,Cardiomegaly,2,11322,36,F,PA,2562,2481,0.14300000000000002,0.14300000000000002,0
00029950_005.png,Pneumothorax,5,29950,36,F,AP,3056,2544,0.139,0.139,1
00022282_003.png,Cardiomegaly,3,22282,76,F,PA,2500,3056,0.139,0.139,0
00026392_006.png,Pneumothorax,6,26392,21,M,PA,2992,2991,0.14300000000000002,0.14300000000000002,1
00027818_001.png,Pneumothorax,1,27818,33,F,PA,1940,2021,0.19431099999999998,0.19431099999999998,1
00023065_018.png,Pneumothorax,18,23065,49,F,AP,3056,2544,0.139,0.139,1
00011460_029.png,Pneumothorax,29,11460,16,M,PA,2992,2991,0.14300000000000002,0.14300000000000002,1
00022818_000.png,Pneumothorax,0,22818,31,M,PA,2992,2991,0.14300000000000002,0.14300000000000002,1
00010524_000.png,Cardiomegaly,0,10524,63,F,PA,2242,2326,0.14300000000000002,0.14300000000000002,0
00004533_019.png,Cardiomegaly,19,4533,31,M,PA,2966,2991,0.14300000000000002,0.14300000000000002,0
00009001_007.png,Cardiomegaly,7,9001,52,F,PA,2842,2689,0.14300000000000002,0.14300000000000002,0
00019730_002.png,Pneumothorax,2,19730,31,F,AP,2500,2048,0.168,0.168,1
00008841_019.png,Pneumothorax,19,8841,48,F,PA,2818,2948,0.14300000000000002,0.14300000000000002,1
00006317_003.png,Cardiomegaly,3,6317,24,M,PA,2048,2500,0.171,0.171,0
00028208_018.png,Pneumothorax,18,28208,64,M,AP,3056,2544,0.139,0.139,1
00004381_011.png,Cardiomegaly,11,4381,29,M,AP,3056,2544,0.139,0.139,0
00008232_009.png,Pneumothorax,9,8232,41,M,AP,2500,2048,0.168,0.168,1
00005681_040.png,Pneumothorax,40,5681,46,M,AP,3056,2544,0.139,0.139,1
00026597_006.png,Pneumothorax,6,26597,45,M,AP,3056,2544,0.139,0.139,1
00023075_005.png,Pneumothorax,5,23075,29,M,PA,2992,2991,0.14300000000000002,0.14300000000000002,1
00022408_002.png,Pneumothorax,2,22408,53,F,PA,2992,2865,0.14300000000000002,0.14300000000000002,1
00005942_001.png,Cardiomegaly,1,5942,41,M,PA,2992,2991,0.14300000000000002,0.14300000000000002,0
00018233_007.png,Cardiomegaly,7,18233,47,F,PA,2021,2021,0.19431099999999998,0.19431099999999998,0
00002042_003.png,Pneumothorax,3,2042,43,F,PA,2438,2853,0.14300000000000002,0.14300000000000002,1
00000090_009.png,Pneumothorax,9,90,67,F,PA,2992,2991,0.14300000000000002,0.14300000000000002,1
00011235_003.png,Cardiomegaly,3,11235,67,M,AP,2500,2048,0.168,0.168,0
00027213_004.png,Pneumothorax,4,27213,73,F,PA,2992,2991,0.14300000000000002,0.14300000000000002,1
00022931_000.png,Cardiomegaly,0,22931,25,M,PA,2992,2991,0.14300000000000002,0.14300000000000002,0
00003827_000.png,Pneumothorax,0,3827,56,F,PA,2500,2048,0.171,0.171,1
00022141_013.png,Pneumothorax,13,22141,32,M,AP,3056,2544,0.139,0.139,1
00025368_032.png,Pneumothorax,32,25368,42,M,PA,2992,2991,0.14300000000000002,0.14300000000000002,1
00013966_011.png,Cardiomegaly,11,13966,74,M,AP,2500,2048,0.168,0.168,0
00030046_008.png,Pneumothorax,8,30046,68,F,PA,1899,1874,0.19431099999999998,0.19431099999999998,1
00000211_023.png,Pneumothorax,23,211,59,F,PA,2992,2991,0.14300000000000002,0.14300000000000002,1
00004746_004.png,Cardiomegaly,4,4746,37,F,AP,2500,2048,0.168,0.168,0
00008919_003.png,Pneumothorax,3,8919,53,F,PA,2992,2991,0.14300000000000002,0.14300000000000002,1
00015732_032.png,Cardiomegaly,32,15732,48,F,AP,2500,2048,0.168,0.168,0
00023258_002.png,Pneumothorax,2,23258,41,F,PA,1845,2021,0.19431099999999998,0.19431099999999998,1
00004381_041.png,Cardiomegaly,41,4381,27,M,AP,2500,2048,0.168,0.168,0
00015803_010.png,Pneumothorax,10,15803,64,F,PA,2992,2991,0.14300000000000002,0.14300000000000002,1
00007735_038.png,Cardiomegaly,38,7735,32,M,AP,2500,2048,0.168,0.168,0
00020933_002.png,Pneumothorax,2,20933,59,F,AP,2892,2544,0.139,0.139,1
00000131_001.png,Cardiomegaly,1,131,66,M,PA,2021,2021,0.19431099999999998,0.19431099999999998,0
00021886_000.png,Cardiomegaly,0,21886,48,M,PA,2992,2991,0.14300000000000002,0.14300000000000002,0
00020772_011.png,Pneumothorax,11,20772,72,F,PA,2992,2991,0.14300000000000002,0.14300000000000002,1
00012014_001.png,Pneumothorax,1,12014,32,F,PA,2586,2561,0.14300000000000002,0.14300000000000002,1
00011502_000.png,Pneumothorax,0,11502,33,F,AP,2500,2048,0.168,0.168,1
00011460_018.png,Pneumothorax,18,11460,16,M,PA,2558,2973,0.14300000000000002,0.14300000000000002,1
00029075_002.png,Pneumothorax,2,29075,24,F,PA,2021,2021,0.19431099999999998,0.19431099999999998,1
00023066_001.png,Cardiomegaly,1,23066,51,M,PA,2544,3056,0.139,0.139,0
00016220_009.png,Cardiomegaly,9,16220,31,F,PA,2682,2991,0.14300000000000002,0.14300000000000002,0
00030606_013.png,Pneumothorax,13,30606,59,M,PA,2021,2021,0.19431099999999998,0.19431099999999998,1
00017524_021.png,Pneumothorax,21,17524,46,F,PA,2992,2991,0.14300000000000002,0.14300000000000002,1
00012144_018.png,Pneumothorax,18,12144,21,F,PA,2992,2991,0.14300000000000002,0.14300000000000002,1
00004554_001.png,Cardiomegaly,1,4554,68,M,PA,2992,2991,0.14300000000000002,0.14300000000000002,0
00019961_005.png,Cardiomegaly,5,19961,64,M,PA,2992,2991,0.14300000000000002,0.14300000000000002,0
00014530_005.png,Pneumothorax,5,14530,53,F,PA,2992,2991,0.14300000000000002,0.14300000000000002,1
00001006_001.png,Pneumothorax,1,1006,26,M,PA,2544,3056,0.139,0.139,1
00014723_000.png,Cardiomegaly,0,14723,47,F,PA,2992,2991,0.14300000000000002,0.14300000000000002,0
00023452_000.png,Cardiomegaly,0,23452,53,F,PA,2048,2500,0.168,0.168,0
00029437_014.png,Pneumothorax,14,29437,48,M,AP,3056,2544,0.139,0.139,1
00006960_015.png,Pneumothorax,15,6960,19,M,PA,2500,2048,0.168,0.168,1
00008477_000.png,Pneumothorax,0,8477,51,F,AP,2500,2048,0.168,0.168,1
00003517_001.png,Pneumothorax,1,3517,42,F,PA,2048,2500,0.168,0.168,1
00014675_002.png,Pneumothorax,2,14675,67,F,PA,2048,2500,0.168,0.168,1
00019486_000.png,Cardiomegaly,0,19486,49,M,PA,2992,2991,0.14300000000000002,0.14300000000000002,0
00007700_004.png,Pneumothorax,4,7700,49,F,PA,2500,2048,0.168,0.168,1
00011460_042.png,Pneumothorax,42,11460,16,M,PA,2530,2905,0.14300000000000002,0.14300000000000002,1
00024117_000.png,Cardiomegaly,0,24117,56,F,PA,2500,2048,0.168,0.168,0
00025081_015.png,Pneumothorax,15,25081,65,M,PA,2992,2991,0.14300000000000002,0.14300000000000002,1
00015530_151.png,Pneumothorax,151,15530,21,M,AP,3056,2544,0.139,0.139,1
00013249_051.png,Cardiomegaly,51,13249,15,M,AP,2500,2048,0.168,0.168,0
00007355_001.png,Pneumothorax,1,7355,59,F,PA,2992,2991,0.14300000000000002,0.14300000000000002,1
00021201_015.png,Pneumothorax,15,21201,65,M,AP,2544,3056,0.139,0.139,1
00022826_000.png,Pneumothorax,0,22826,61,M,AP,3056,2544,0.139,0.139,1
00000845_000.png,Cardiomegaly,0,845,65,F,PA,2992,2991,0.14300000000000002,0.14300000000000002,0
00027213_049.png,Pneumothorax,49,27213,73,F,AP,3056,2544,0.139,0.139,1
00010677_031.png,Pneumothorax,31,10677,56,F,AP,2500,2048,0.168,0.168,1
00026034_000.png,Pneumothorax,0,26034,57,F,PA,2992,2991,0.14300000000000002,0.14300000000000002,1
00005681_030.png,Pneumothorax,30,5681,46,M,AP,3056,2544,0.139,0.139,1
00027833_011.png,Pneumothorax,11,27833,50,M,AP,3056,2544,0.139,0.139,1
00004847_000.png,Cardiomegaly,0,4847,41,F,AP,2500,2048,0.171,0.171,0
00010304_002.png,Pneumothorax,2,10304,14,F,PA,2454,2713,0.14300000000000002,0.14300000000000002,1
00021976_012.png,Pneumothorax,12,21976,65,F,PA,2546,2446,0.14300000000000002,0.14300000000000002,1
00012276_002.png,Cardiomegaly,2,12276,9,M,AP,2048,2500,0.168,0.168,0
00010625_019.png,Cardiomegaly,19,10625,38,F,AP,2500,2048,0.168,0.168,0
00029943_004.png,Pneumothorax,4,29943,65,F,PA,2021,2021,0.19431099999999998,0.19431099999999998,1
00006875_002.png,Cardiomegaly,2,6875,62,F,AP,3056,2544,0.139,0.139,0
00013282_004.png,Pneumothorax,4,13282,56,M,PA,2992,2991,0.14300000000000002,0.14300000000000002,1
00021006_027.png,Pneumothorax,27,21006,71,M,PA,2992,2991,0.14300000000000002,0.14300000000000002,1
00016429_001.png,Pneumothorax,1,16429,53,F,PA,2544,3056,0.139,0.139,1
00000468_018.png,Pneumothorax,18,468,31,M,AP,3056,2544,0.139,0.139,1
00017070_006.png,Cardiomegaly,6,17070,61,M,AP,3056,2544,0.139,0.139,0
00008006_001.png,Cardiomegaly,1,8006,80,F,AP,2500,2048,0.168,0.168,0
00000491_013.png,Pneumothorax,13,491,37,M,AP,3056,2544,0.139,0.139,1
00003283_000.png,Cardiomegaly,0,3283,58,M,PA,2766,2665,0.14300000000000002,0.14300000000000002,0
00009188_001.png,Cardiomegaly,1,9188,57,M,PA,2992,2991,0.14300000000000002,0.14300000000000002,0
00015774_000.png,Cardiomegaly,0,15774,7,M,AP,2500,2048,0.168,0.168,0
00027213_059.png,Pneumothorax,59,27213,73,F,AP,3056,2544,0.139,0.139,1
00000491_011.png,Pneumothorax,11,491,38,M,PA,2021,2021,0.19431099999999998,0.19431099999999998,1
00015530_133.png,Pneumothorax,133,15530,21,M,AP,3056,2544,0.139,0.139,1
00003744_000.png,Cardiomegaly,0,3744,77,F,PA,2048,2500,0.168,0.168,0
00017944_011.png,Cardiomegaly,11,17944,35,M,PA,2992,2991,0.14300000000000002,0.14300000000000002,0
00020405_027.png,Pneumothorax,27,20405,49,M,PA,3056,2496,0.139,0.139,1
00021663_004.png,Cardiomegaly,4,21663,22,M,PA,2936,2938,0.14300000000000002,0.14300000000000002,0
00017972_020.png,Pneumothorax,20,17972,15,M,AP,3056,2544,0.139,0.139,1
00004517_004.png,Pneumothorax,4,4517,63,M,AP,2500,2048,0.171,0.171,1
00028208_016.png,Pneumothorax,16,28208,64,M,AP,3056,2544,0.139,0.139,1
00005646_004.png,Pneumothorax,4,5646,70,F,AP,2500,2048,0.168,0.168,1
00011831_005.png,Pneumothorax,5,11831,57,F,AP,2500,2048,0.168,0.168,1
00010897_008.png,Cardiomegaly,8,10897,47,M,AP,2048,2500,0.168,0.168,0
00003989_010.png,Cardiomegaly,10,3989,56,F,PA,2962,2991,0.14300000000000002,0.14300000000000002,0
00006808_002.png,Cardiomegaly,2,6808,38,F,AP,2500,2048,0.171,0.171,0
00002103_001.png,Cardiomegaly,1,2103,44,M,PA,2388,2607,0.14300000000000002,0.14300000000000002,0
00016712_000.png,Cardiomegaly,0,16712,26,M,PA,2626,2765,0.14300000000000002,0.14300000000000002,0
00016484_018.png,Cardiomegaly,18,16484,6,F,PA,2532,2604,0.139,0.139,0
00002219_006.png,Pneumothorax,6,2219,38,F,PA,2048,2500,0.168,0.168,1
00019328_007.png,Pneumothorax,7,19328,78,F,PA,2992,2991,0.14300000000000002,0.14300000000000002,1
00000442_003.png,Cardiomegaly,3,442,45,F,PA,2992,2991,0.14300000000000002,0.14300000000000002,0
00021996_003.png,Cardiomegaly,3,21996,67,M,AP,3056,2544,0.139,0.139,0
00000416_006.png,Pneumothorax,6,416,67,F,AP,2500,2048,0.168,0.168,1
00021374_015.png,Pneumothorax,15,21374,80,M,PA,2992,2991,0.14300000000000002,0.14300000000000002,1
00012687_008.png,Pneumothorax,8,12687,63,F,PA,2654,2757,0.14300000000000002,0.14300000000000002,1
00005249_000.png,Cardiomegaly,0,5249,70,M,PA,2500,2048,0.171,0.171,0
00012341_003.png,Pneumothorax,3,12341,51,F,PA,2992,2991,0.14300000000000002,0.14300000000000002,1
00007650_001.png,Pneumothorax,1,7650,33,F,PA,2992,2991,0.14300000000000002,0.14300000000000002,1
00028861_010.png,Pneumothorax,10,28861,24,F,PA,2020,2021,0.19431099999999998,0.19431099999999998,1
00025252_057.png,Pneumothorax,57,25252,30,M,AP,3056,2544,0.139,0.139,1
00021036_002.png,Pneumothorax,2,21036,39,F,PA,2538,2665,0.14300000000000002,0.14300000000000002,1
00004630_000.png,Cardiomegaly,0,4630,70,M,AP,2500,2048,0.171,0.171,0
00005201_006.png,Pneumothorax,6,5201,47,M,AP,2500,2048,0.171,0.171,1
00003423_021.png,Pneumothorax,21,3423,60,M,PA,2992,2991,0.14300000000000002,0.14300000000000002,1
00014950_007.png,Pneumothorax,7,14950,55,F,PA,2726,2991,0.14300000000000002,0.14300000000000002,1
00016805_012.png,Pneumothorax,12,16805,67,F,PA,2992,2991,0.14300000000000002,0.14300000000000002,1
00011804_023.png,Pneumothorax,23,11804,57,M,PA,2500,2048,0.168,0.168,1
00010858_000.png,Cardiomegaly,0,10858,49,F,PA,2698,2991,0.14300000000000002,0.14300000000000002,0
00003722_024.png,Pneumothorax,24,3722,55,M,PA,2710,2991,0.14300000000000002,0.14300000000000002,1
00023319_000.png,Pneumothorax,0,23319,29,F,PA,2338,2469,0.14300000000000002,0.14300000000000002,1
00026281_000.png,Pneumothorax,0,26281,48,F,PA,2992,2991,0.14300000000000002,0.14300000000000002,1
00013257_001.png,Cardiomegaly,1,13257,57,M,PA,2986,2991,0.14300000000000002,0.14300000000000002,0
00004808_021.png,Pneumothorax,21,4808,35,M,AP,2500,2048,0.168,0.168,1
00021607_000.png,Cardiomegaly,0,21607,31,M,PA,2992,2991,0.14300000000000002,0.14300000000000002,0
00021651_003.png,Pneumothorax,3,21651,59,F,PA,2544,3056,0.139,0.139,1
00009636_001.png,Cardiomegaly,1,9636,64,F,PA,2466,2673,0.14300000000000002,0.14300000000000002,0
00009845_010.png,Pneumothorax,10,9845,57,M,PA,2992,2991,0.14300000000000002,0.14300000000000002,1
00027725_075.png,Pneumothorax,75,27725,21,M,AP,3056,2544,0.139,0.139,1
00018837_002.png,Cardiomegaly,2,18837,25,M,PA,2992,2991,0.14300000000000002,0.14300000000000002,0
00012687_003.png,Pneumothorax,3,12687,62,F,PA,2992,2991,0.14300000000000002,0.14300000000000002,1
00003513_007.png,Pneumothorax,7,3513,47,F,PA,2992,2991,0.14300000000000002,0.14300000000000002,1
00001611_002.png,Pneumothorax,2,1611,32,M,AP,2500,2048,0.168,0.168,1
00006481_005.png,Cardiomegaly,5,6481,49,M,AP,2500,2048,0.171,0.171,0
00009959_004.png,Pneumothorax,4,9959,54,F,PA,2544,3056,0.139,0.139,1
00010729_004.png,Pneumothorax,4,10729,23,M,PA,2812,2893,0.14300000000000002,0.14300000000000002,1
00004082_003.png,Pneumothorax,3,4082,63,F,PA,2021,2021,0.19431099999999998,0.19431099999999998,1
00004809_008.png,Cardiomegaly,8,4809,37,F,PA,2500,2048,0.171,0.171,0
00011460_008.png,Pneumothorax,8,11460,16,M,PA,2992,2991,0.14300000000000002,0.14300000000000002,1
00017645_009.png,Pneumothorax,9,17645,48,F,PA,2686,2991,0.14300000000000002,0.14300000000000002,1
00008814_006.png,Pneumothorax,6,8814,31,M,AP,2500,2048,0.168,0.168,1
00009368_003.png,Pneumothorax,3,9368,83,M,AP,2500,2048,0.168,0.168,1
00026412_033.png,Pneumothorax,33,26412,26,M,PA,2021,2021,0.19431099999999998,0.19431099999999998,1
00019478_002.png,Pneumothorax,2,19478,44,M,PA,2992,2991,0.14300000000000002,0.14300000000000002,1
00001248_036.png,Pneumothorax,36,1248,33,F,PA,2992,2991,0.14300000000000002,0.14300000000000002,1
00007497_013.png,Pneumothorax,13,7497,63,M,AP,2500,2048,0.168,0.168,1
00027389_003.png,Cardiomegaly,3,27389,64,F,PA,2992,2991,0.14300000000000002,0.14300000000000002,0
00020070_006.png,Pneumothorax,6,20070,60,F,PA,2622,2991,0.14300000000000002,0.14300000000000002,1
00029124_000.png,Pneumothorax,0,29124,27,F,PA,1813,2021,0.19431099999999998,0.19431099999999998,1
00021611_000.png,Pneumothorax,0,21611,36,F,PA,2992,2991,0.14300000000000002,0.14300000000000002,1
00011460_033.png,Pneumothorax,33,11460,16,M,PA,2956,2944,0.14300000000000002,0.14300000000000002,1
00002509_010.png,Pneumothorax,10,2509,40,F,PA,2562,2991,0.14300000000000002,0.14300000000000002,1
00005064_013.png,Cardiomegaly,13,5064,47,M,PA,3056,2532,0.139,0.139,0
00003989_021.png,Cardiomegaly,21,3989,58,F,PA,2974,2991,0.14300000000000002,0.14300000000000002,0
00014412_000.png,Cardiomegaly,0,14412,57,F,PA,2992,2991,0.14300000000000002,0.14300000000000002,0
00026886_001.png,Pneumothorax,1,26886,48,F,AP,3056,2544,0.139,0.139,1
00026986_005.png,Pneumothorax,5,26986,73,F,PA,2878,2991,0.14300000000000002,0.14300000000000002,1
00026683_003.png,Pneumothorax,3,26683,50,F,PA,2662,2991,0.14300000000000002,0.14300000000000002,1
00014290_000.png,Pneumothorax,0,14290,41,M,PA,2992,2991,0.14300000000000002,0.14300000000000002,1
00002355_006.png,Pneumothorax,6,2355,61,F,PA,2992,2991,0.14300000000000002,0.14300000000000002,1
00000502_006.png,Pneumothorax,6,502,43,M,AP,2500,2048,0.171,0.171,1
00009917_006.png,Pneumothorax,6,9917,49,F,AP,2500,2048,0.168,0.168,1
00003436_003.png,Pneumothorax,3,3436,25,F,PA,2544,3056,0.139,0.139,1
00009925_043.png,Pneumothorax,43,9925,57,M,PA,2892,2948,0.14300000000000002,0.14300000000000002,1
00012381_002.png,Cardiomegaly,2,12381,29,F,AP,2500,2048,0.168,0.168,0
00003659_013.png,Pneumothorax,13,3659,54,F,PA,2992,2991,0.14300000000000002,0.14300000000000002,1
00026226_000.png,Pneumothorax,0,26226,26,M,PA,2992,2991,0.14300000000000002,0.14300000000000002,1
00029373_000.png,Cardiomegaly,0,29373,69,F,AP,3056,2544,0.139,0.139,0
00006129_000.png,Cardiomegaly,0,6129,30,M,PA,2500,2048,0.171,0.171,0
00015386_003.png,Pneumothorax,3,15386,58,F,PA,2992,2991,0.14300000000000002,0.14300000000000002,1
00018318_000.png,Cardiomegaly,0,18318,63,F,PA,2048,2500,0.168,0.168,0
00018011_002.png,Pneumothorax,2,18011,38,M,AP,2500,2048,0.168,0.168,1
00001006_019.png,Pneumothorax,19,1006,19,M,PA,2992,2991,0.14300000000000002,0.14300000000000002,1
00030606_005.png,Pneumothorax,5,30606,59,M,PA,2021,2021,0.19431099999999998,0.19431099999999998,1
00028148_011.png,Pneumothorax,11,28148,20,F,PA,1843,2021,0.19431099999999998,0.19431099999999998,1
00011018_001.png,Cardiomegaly,1,11018,44,F,PA,2752,2574,0.14300000000000002,0.14300000000000002,0
00005821_001.png,Pneumothorax,1,5821,62,M,PA,2048,2500,0.171,0.171,1
00028897_005.png,Pneumothorax,5,28897,53,F,AP,3056,2544,0.139,0.139,1
00026738_005.png,Pneumothorax,5,26738,45,F,PA,3056,2544,0.139,0.139,1
00003209_003.png,Cardiomegaly,3,3209,39,F,PA,2518,2609,0.14300000000000002,0.14300000000000002,0
00028211_009.png,Pneumothorax,9,28211,66,F,PA,2021,2021,0.19431099999999998,0.19431099999999998,1
00015122_006.png,Cardiomegaly,6,15122,58,F,PA,2538,2805,0.14300000000000002,0.14300000000000002,0
00027261_000.png,Cardiomegaly,0,27261,57,M,PA,2992,2991,0.14300000000000002,0.14300000000000002,0
00019349_001.png,Cardiomegaly,1,19349,58,F,PA,2746,2991,0.14300000000000002,0.14300000000000002,0
00021759_030.png,Pneumothorax,30,21759,41,M,PA,2992,2991,0.14300000000000002,0.14300000000000002,1
00029808_001.png,Pneumothorax,1,29808,32,M,AP,3056,2544,0.139,0.139,1
