Image Index,Finding Labels,Follow-up #,Patient ID,Patient Age,Patient Gender,View Position,OriginalImage[Width,Height],OriginalImagePixelSpacing[x,y],Class
00001959_000.png,Cardiomegaly,0,1959,50,F,PA,2048,2500,0.168,0.168,0
00012687_006.png,Pneumothorax,6,12687,63,F,AP,2500,2048,0.168,0.168,1
00008232_009.png,Pneumothorax,9,8232,41,M,AP,2500,2048,0.168,0.168,1
00000416_006.png,Pneumothorax,6,416,67,F,AP,2500,2048,0.168,0.168,1
00022408_002.png,Pneumothorax,2,22408,53,F,PA,2992,2865,0.14300000000000002,0.14300000000000002,1
00013209_009.png,Pneumothorax,9,13209,74,F,PA,2992,2991,0.14300000000000002,0.14300000000000002,1
00009636_001.png,Cardiomegaly,1,9636,64,F,PA,2466,2673,0.14300000000000002,0.14300000000000002,0
00016175_011.png,Cardiomegaly,11,16175,11,M,AP,2048,2500,0.168,0.168,0
00009001_007.png,Cardiomegaly,7,9001,52,F,PA,2842,2689,0.14300000000000002,0.14300000000000002,0
00026597_006.png,Pneumothorax,6,26597,45,M,AP,3056,2544,0.139,0.139,1
00021651_003.png,Pneumothorax,3,21651,59,F,PA,2544,3056,0.139,0.139,1
00029950_018.png,Pneumothorax,18,29950,36,F,PA,1779,2021,0.194311,0.194311,1
00007355_003.png,Pneumothorax,3,7355,61,F,PA,2021,2021,0.194311,0.194311,1
00016650_000.png,Cardiomegaly,0,16650,58,F,PA,2306,2517,0.14300000000000002,0.14300000000000002,0
00006875_002.png,Cardiomegaly,2,6875,62,F,AP,3056,2544,0.139,0.139,0
00012341_003.png,Pneumothorax,3,12341,51,F,PA,2992,2991,0.14300000000000002,0.14300000000000002,1
00013966_011.png,Cardiomegaly,11,13966,74,M,AP,2500,2048,0.168,0.168,0
00017949_000.png,Cardiomegaly,0,17949,33,F,PA,2782,2991,0.14300000000000002,0.14300000000000002,0
00004876_004.png,Pneumothorax,4,4876,42,F,PA,2048,2500,0.168,0.168,1
00029943_004.png,Pneumothorax,4,29943,65,F,PA,2021,2021,0.194311,0.194311,1
00012276_002.png,Cardiomegaly,2,12276,9,M,AP,2048,2500,0.168,0.168,0
00028208_016.png,Pneumothorax,16,28208,64,M,AP,3056,2544,0.139,0.139,1
00020772_011.png,Pneumothorax,11,20772,72,F,PA,2992,2991,0.14300000000000002,0.14300000000000002,1
00003989_021.png,Cardiomegaly,21,3989,58,F,PA,2974,2991,0.14300000000000002,0.14300000000000002,0
00003283_000.png,Cardiomegaly,0,3283,58,M,PA,2766,2665,0.14300000000000002,0.14300000000000002,0
00026683_003.png,Pneumothorax,3,26683,50,F,PA,2662,2991,0.14300000000000002,0.14300000000000002,1
00003659_013.png,Pneumothorax,13,3659,54,F,PA,2992,2991,0.14300000000000002,0.14300000000000002,1
00000491_013.png,Pneumothorax,13,491,37,M,AP,3056,2544,0.139,0.139,1
00010729_004.png,Pneumothorax,4,10729,23,M,PA,2812,2893,0.14300000000000002,0.14300000000000002,1
00012014_001.png,Pneumothorax,1,12014,32,F,PA,2586,2561,0.14300000000000002,0.14300000000000002,1
00003517_001.png,Pneumothorax,1,3517,42,F,PA,2048,2500,0.168,0.168,1
00002103_001.png,Cardiomegaly,1,2103,44,M,PA,2388,2607,0.14300000000000002,0.14300000000000002,0
00017070_006.png,Cardiomegaly,6,17070,61,M,AP,3056,2544,0.139,0.139,0
